postId,title,impressions,likesCount,commentsCount,createdAt,isBusinessPost,latitude,longitude,likes_norm,comments_norm,impressions_norm,engagement_score,days_since_posted,recency_score,business_post_weight,final_score,distance_from_user,distance_norm
P00207,Butter Malai Prawns,4334754,128330,102143,2022-11-19,True,26.6428,-24.336,1.0,1.0,1.0,1.0,733.0,1.466271781047344e-32,1.5,0.693588768375753,9625.707361694405,0.4679438418787647
P00201,Delicious Pancakes,10234,456,78,2024-11-27,True,40.7128,-74.006,0.003545574266144052,0.0007636352956149711,0.0023049889595389192,0.0024628755136643014,-6.0,1.822118800390509,1.5,0.6286895440275342,11741.503690910173,0.35099425843626597
P00201,Delicious Pancakes,10234,456,78,2024-11-27,True,40.7128,-74.006,0.003545574266144052,0.0007636352956149711,0.0023049889595389192,0.0024628755136643014,-6.0,1.822118800390509,1.5,0.6286895440275342,11741.503690910173,0.35099425843626597
P00204,Rawa Dosa,33347,10830,1043,2024-11-19,True,26.7428,-24.036,0.08438466753422842,0.010211174529825832,0.007637309029784444,0.04678314793201885,2.0,0.8187307530779818,1.5,0.4328863561251599,9594.382247440722,0.4696753218953761
P00202,Tandoori Chicken,102334,4756,18,2024-11-13,True,20.7128,-84.006,0.03705319919893399,0.00017622352975730105,0.023553060541315965,0.02329007876665738,8.0,0.44932896411722156,1.5,0.28250217592063465,14158.06694662569,0.21741993362252954
P00203,Tawa Roti,334,100,1,2024-11-13,True,20.7428,-84.036,0.0007714546205456289,9.790196097627836e-06,2.099429439676125e-05,0.000392863227981455,8.0,0.44932896411722156,1.5,0.271533655700922,14156.063921813611,0.21753064981678838
P00205,Gulab Jamun,43347,12830,10143,2023-11-19,True,26.7428,-24.036,0.09996960936343305,0.09930195901823914,0.009944374348109856,0.08176426725681024,368.0,1.0422287905595846e-16,1.5,0.2531819126623442,9594.382247440722,0.4696753218953761
P00001,Cordon bleu,1403,139,17,,False,7.181234,-84.763835,0.001075360986215119,0.0001664333336596732,0.0002676195769257478,0.000641134408590611,,,0.0,,15576.470724641275,0.13901837450191512
P00002,Fish Tacos,6291,524,66,,False,-50.534909,171.545565,0.004075462288337009,0.0006461529424434372,0.0013953131045232091,0.0025106396478061775,,,0.0,,12726.793664001769,0.29653284817101455
P00003,Risotto,3789,205,17,,False,-2.652423,111.772983,0.0015896640665788715,0.0001664333336596732,0.0008180853618781911,0.0010083791057629759,,,0.0,,5082.0082602308985,0.7190945362375044
P00004,Chinese food,3646,357,55,,False,-33.034338,-37.8835,0.0027741196455984226,0.000538460785369531,0.0007850943278261377,0.0017056169239752983,,,0.0,,13890.38702488192,0.23221580736121683
P00005,Corn flakes,1244,79,7,,False,56.904378,-92.677169,0.0006078127313389803,6.853137268339484e-05,0.00023093723836437375,0.0003706532251473833,,,0.0,,10447.313616269334,0.4225299672541195
P00006,Glorified rice,3676,276,16,,True,-28.944267,-37.078999,0.0021429295015156355,0.00015664313756204537,0.0007920155237811139,0.001276860796782654,,,1.5,,13693.786576845763,0.24308279875587502
P00007,Choco pie,8015,319,43,,False,-14.618331,-169.942757,0.002478005750843535,0.0004209784321979969,0.0017930511654025102,0.0017239066381616686,,,0.0,,12997.136153723124,0.2815898023196025
P00008,Sloppy joe,5133,27,2,,False,1.702606,81.49169,0.0002026042437796601,1.958039219525567e-05,0.0011281549406611264,0.000332807227680632,,,0.0,,3038.3123812033955,0.8320588033718594
P00009,St. Paul Sandwich,6229,360,48,,False,-40.41971,8.981238,0.00279749705834223,0.0004699294126861361,0.0013810092995495916,0.001815929212886874,,,0.0,,10406.456653763631,0.424788315413528
P00010,Geoduck,3026,75,4,,True,-7.45432,-68.109821,0.0005766428476805711,3.916078439051134e-05,0.0006420562780899622,0.00042848091477543137,,,1.5,,15672.653383609573,0.13370192615317267
P00011,Clam chowder,5083,313,17,,True,6.092834,20.58696,0.002431250925355921,0.0001664333336596732,0.0011166196140694994,0.0014888793855897624,,,1.5,,6432.488414852081,0.6444474214139102
P00012,Oysters Rockefeller,1909,35,4,,True,35.974025,-101.598517,0.0002649440110964786,3.916078439051134e-05,0.0003843570820330136,0.00022109165727199543,,,1.5,,12821.921771967152,0.29127468960130565
P00013,Coleslaw,6029,568,42,,False,-57.195283,115.099274,0.0044183310085795105,0.00041118823610036907,0.0013348679931830833,0.0025994955737564827,,,0.0,,10193.682693187526,0.4365492896212909
P00014,Moules Frites,5953,73,14,,True,4.023678,92.394267,0.0005610579058513664,0.0001370627453667897,0.0013173342967638102,0.0005851146358884821,,,1.5,,3184.2900612291023,0.823989960149489
P00015,Tagine,9411,306,61,,True,65.750627,88.18666,0.002376703628953705,0.000597201961955298,0.0021151174838407376,0.0017905358998315894,,,1.5,,4189.932508271901,0.7684035770701011
P00016,Currywurst,1627,49,7,,True,-44.074029,126.67322,0.0003740386039009109,6.853137268339484e-05,0.00031929784005623705,0.0002714382817667213,,,1.5,,9531.956918694284,0.473125850706844
P00017,Russian tea cake,6577,310,50,,False,-61.245582,-98.748279,0.0024078735126121143,0.0004895098048813917,0.001461295172627316,0.001643048732295938,,,0.0,,16383.561757137219,0.09440682151488322
P00018,Haggis,7212,577,58,,True,-14.800012,149.606107,0.004488463246810931,0.0005678313736624145,0.0016077938203409795,0.0027361397995723856,,,1.5,,9162.412586271937,0.4935522287771513
P00019,Mulligan stew,4069,5,3,,True,39.053029,54.771002,3.116988365840925e-05,2.9370588292883505e-05,0.0008826831907913027,0.0002009327564753302,,,1.5,,2351.619534332586,0.8700154068906165
P00020,Pan Seared Scallops,5957,321,28,,True,-23.004085,37.661547,0.0024935906926727394,0.0002741254907335794,0.0013182571228911404,0.0015926844181346714,,,1.5,,7134.586204232595,0.60563931740591
P00021,Stuffed zucchini,5428,322,9,,True,-46.287016,95.465805,0.002501383163587342,8.811176487865053e-05,0.001196213367551726,0.0015163677847676114,,,1.5,,8541.387702485717,0.5278790684938762
P00022,Fried fish,5769,156,20,,True,19.160806,152.844544,0.0012078329917633583,0.0001958039219525567,0.0012748842949066228,0.0009176345314487707,,,1.5,,7649.733436027979,0.5771648119262843
P00023,Pork Belly,9521,367,0,,False,45.744263,130.06533,0.002852044354744446,0.0,0.0021404952023423175,0.0018541212178406865,,,0.0,,4953.299556705373,0.7262088454244919
P00024,Chili dog,2033,58,3,,False,22.75424,6.857993,0.0004441708421323317,2.9370588292883505e-05,0.00041296469198024875,0.00031348953595008067,,,0.0,,6968.2540311453795,0.6148332450477288
P00025,Caviar,2842,23,5,,False,-44.076635,76.827791,0.00017143436012125084,4.8950980488139177e-05,0.0005996062762327745,0.0002203237294536221,,,0.0,,8092.896797500798,0.5526691788610574
P00026,White chocolate cookie,7190,520,100,,True,69.841605,-125.816267,0.004044292404678599,0.0009790196097627835,0.0016027182766406637,0.0026363957405962676,,,1.5,,8903.280486097912,0.507875625955539
P00027,Falafel,9615,832,11,,True,28.359861,29.962713,0.006475543330034521,0.0001076921570739062,0.0021621816163345763,0.0037025156354063477,,,1.5,,4574.057497995491,0.7471712604630112
P00028,Chicago Hot Dog,2700,130,10,,True,-29.240703,15.227188,0.0010052287479836981,9.790196097627835e-05,0.0005668459487125538,0.0006453541520272433,,,1.5,,9201.579750729896,0.49138728335932846
P00029,Fried fish,7644,460,34,,False,-84.180634,161.07112,0.003576744149802461,0.0003328666673193464,0.0017074590420926375,0.002229723883515562,,,0.0,,13113.752682751945,0.27514388202750817
P00030,Fried chicken,5007,331,47,,True,-10.653426,98.42813,0.0025715154018187626,0.0004601392165885083,0.0010990859176502263,0.0016436166494159792,,,1.5,,4939.700713921444,0.7269605146550884
P00031,Macaroni and cheese,8190,551,54,,False,-67.767497,125.629327,0.004285859003031271,0.0005286705892719032,0.001833424808473205,0.0026682156399918475,,,0.0,,11452.044621510866,0.36699396366424974
P00032,Poppyseed muffin,2195,14,2,,False,-41.129306,27.365714,0.00010130212188983004,1.958039219525567e-05,0.0004503391501371204,0.00014659300863091582,,,0.0,,9298.427886932728,0.48603405108942377
P00033,Lobster roll,8091,472,11,,False,-28.377568,-83.186527,0.0036702538007776886,0.0001076921570739062,0.0018105848618217833,0.002229551519875373,,,0.0,,18091.525142165676,0.0
P00034,Milk Steak,7524,399,67,,False,67.270053,-171.073475,0.00310140342401172,0.000655943138541065,0.0016797742582727324,0.002083439505222726,,,0.0,,7952.518457840759,0.5604285213463883
P00035,Sandwich,7428,50,6,,True,-6.595016,48.387757,0.0003818310748155132,5.874117658576701e-05,0.0016576264312168085,0.0005400631766268485,,,1.5,,4986.733280781045,0.7243608130550292
P00036,Ceviche,3336,220,28,,False,-9.530004,-14.219187,0.001706551130297906,0.0002741254907335794,0.00071357530295805,0.0010782282729606368,,,0.0,,10642.31760355844,0.41175121942845316
P00037,Mozzarella Sticks,8991,752,42,,False,21.024731,-120.210132,0.005852145656866336,0.00041118823610036907,0.0020182207404710706,0.003453073447357493,,,0.0,,14181.792162328955,0.21610853419562503
P00038,Ranch dressing,5765,448,3,,True,78.757318,102.425197,0.003483234498827233,2.9370588292883505e-05,0.0012739614687792926,0.00200522071965734,,,1.5,,5701.019675100986,0.6848789900076642
P00039,Mozzarella sticks,7879,383,10,,False,10.567742,139.724858,0.002976723889378083,9.790196097627835e-05,0.0017616750770732847,0.001870067548396582,,,0.0,,6784.526116078894,0.624988713623359
P00040,Sweet Potato Fries,484,34,3,,False,69.990939,128.700814,0.0002571515401818763,2.9370588292883505e-05,5.560027417164243e-05,0.0001485070014131317,,,0.0,,5601.7646171343,0.6903652636737441
P00041,Breaded shrimp,5515,542,23,,False,-47.496282,57.012374,0.0042157267647998506,0.00022517451024544022,0.0012162848358211573,0.002418672702637789,,,0.0,,8708.635461010294,0.5186345323251276
P00042,Chicken fried bacon,2884,10,1,,True,7.074243,-8.096848,7.01322382314208e-05,9.790196097627836e-06,0.0006092959505697413,0.00015986236805894702,,,1.5,,9164.136861976807,0.4934569203003192
P00043,Sausage gravy,9175,397,75,,False,20.374152,-85.490287,0.0030858184821825154,0.0007342647073220876,0.002060670742328258,0.0021753228017535355,,,0.0,,14246.786347641977,0.21251601312278623
P00044,Wasabi Peas,9840,59,11,,False,38.799049,-136.175493,0.0004519633130469341,0.0001076921570739062,0.002214090585996898,0.0007011074208450184,,,0.0,,11752.8949496755,0.3503646123077162
P00045,Pork and beans,5579,285,19,,False,51.866206,114.795707,0.0022130617397470563,0.00018601372585492888,0.0012310500538584399,0.0014085449984016947,,,0.0,,4031.7472080608136,0.7771471903900421
P00046,Bao,2230,106,17,,False,-21.650194,127.804489,0.0008182094460332426,0.0001664333336596732,0.0004584138787512594,0.0005507174988647752,,,0.0,,7803.188874219837,0.5686826393628335
P00047,Coleslaw,5094,274,16,,False,-30.245305,122.117556,0.002127344559686431,0.00015664313756204537,0.0011191573859196573,0.0013344966982957607,,,0.0,,8108.218868533466,0.5518222590512423
P00048,Potatoes O'Brien,3882,351,54,,True,34.577772,-25.110546,0.002727364820110809,0.0005286705892719032,0.0008395410693386174,0.001690191800704699,,,1.5,,9242.461387377652,0.4891275713490638
P00049,Frito Pie,2798,115,15,,False,-39.603763,103.681981,0.0008883416842646634,0.00014685294146441754,0.0005894551888321428,0.0006061177623380855,,,0.0,,8078.377068355572,0.553471749624502
P00050,Pepperoni,6458,149,21,,False,-51.69919,-64.249904,0.0011532856953611421,0.00020559411805018453,0.0014338410953392436,0.000925089302163475,,,0.0,,15931.140518923497,0.11941417908471408
P00051,Potato skins,3904,137,19,,False,70.351841,-83.308978,0.0010597760443859143,0.00018601372585492888,0.0008446166130389334,0.0007546154625572225,,,0.0,,8890.293327815185,0.5085934846313926
P00052,Salmon pasta bake,2817,82,15,,False,-57.930853,130.178438,0.0006311901440827872,0.00014685294146441754,0.000593838612936961,0.00047841867706811104,,,0.0,,10820.321332738202,0.40191215236357136
P00053,Gyros,9366,662,109,,False,66.192748,155.699044,0.005150823274552128,0.001067131374641434,0.0021047356899082732,0.003316498187650149,,,0.0,,6602.170835737324,0.6350683105013777
P00054,Hot chicken,2620,56,9,,True,44.320091,-78.156354,0.0004285859003031271,8.811176487865053e-05,0.0005483894261659504,0.0003504043648483488,,,1.5,,11514.706349468039,0.36353036800469263
P00055,Poppyseed muffin,6732,166,5,,False,-24.599028,-163.178103,0.0012857577009093813,4.8950980488139177e-05,0.00149705468506136,0.0009569750816134044,,,0.0,,14069.887662688632,0.22229399942097017
P00056,Chile Relleno,1086,63,0,,True,-51.183728,8.144085,0.0004831331967053433,0.0,0.00019448560633483224,0.00028046371961963813,,,1.5,,11140.006239932378,0.3842417290752058
P00057,Churrasco,9951,374,66,,True,51.421335,113.204466,0.0029065916511466622,0.0006461529424434372,0.00223969901103031,0.0020950815105124244,,,1.5,,3911.3554421747986,0.7838017850104492
P00058,Tres Leches Cake,905,21,4,,False,-76.14623,-167.15653,0.00015584941829204621,3.916078439051134e-05,0.00015272772407314228,0.00012021848927780496,,,0.0,,13775.377587509882,0.23857289646610313
P00059,Swiss steak,3553,348,33,,False,-73.504811,-20.853129,0.002703987407367002,0.0003230764712217186,0.0007636386203657114,0.0016016443691231586,,,0.0,,13306.584297392625,0.26448521101302036
P00060,Blue-plate special,2464,40,1,,False,-60.167615,-133.258751,0.00030390636566949013,9.790196097627836e-06,0.000512399207200074,0.0002573700831040482,,,0.0,,15842.964111932495,0.12428808586140094
P00061,Sausage gravy,8275,91,2,,False,-25.36593,43.954735,0.0007013223823142081,1.958039219525567e-05,0.001853034863678971,0.0007271422815514749,,,0.0,,6977.875381120558,0.614301429741967
P00062,Spanish rice,579,13,1,,True,89.087625,-33.135916,9.350965097522773e-05,9.790196097627836e-06,7.751739469573384e-05,6.519536325604898e-05,,,1.5,,6851.274840530336,0.6212992112775411
P00063,Squab,2258,210,11,,False,18.495733,-138.340569,0.001628626421151883,0.0001076921570739062,0.0004648736616425705,0.0009395955900266276,,,0.0,,13531.160730840913,0.2520718610227052
P00064,Corned beef,3071,67,12,,True,36.941103,0.400116,0.0005143030803637526,0.00011748235317153402,0.0006524380720224265,0.00042288386053782176,,,1.5,,7034.540878770559,0.6111692727123791
P00065,Maraca pie,1355,87,11,,True,-34.40104,147.957855,0.0006701524986557988,0.0001076921570739062,0.0002565456633977858,0.0004186930291296284,,,1.5,,10224.263815719198,0.4348589333748517
P00066,Peanut butter,1132,18,2,,False,-1.365987,-144.790579,0.0001324720055482393,1.958039219525567e-05,0.00020509810679912913,0.00011312974179252219,,,0.0,,14635.406756511014,0.1910352144717491
P00067,Chicken Tikka Masala,4505,228,3,,True,-24.09652,65.560753,0.0017688908976147247,2.9370588292883505e-05,0.0009832712386702905,0.0010899108730292855,,,1.5,,5999.682762943459,0.6683705372655355
P00068,Toaster Strudel,6655,550,76,,True,67.86461,-18.77176,0.004278066532116669,0.0007440549034197155,0.0014792902821102543,0.0026581077935063,,,1.5,,7308.662922684885,0.5960173138940794
P00069,Fish Tacos,4399,414,29,,True,64.939113,-34.597886,0.0032182904877307546,0.00028391568683120723,0.0009588163462960412,0.0018860832191739476,,,1.5,,8081.717334325653,0.5532871180943335
P00070,Piroshky,1469,80,14,,True,14.151375,-63.80198,0.0006156052022535826,0.0001370627453667897,0.0002828462080266955,0.0004054906663421673,,,1.5,,13661.819888109894,0.2448497414809726
P00071,Fish and Chips!,9936,300,39,,False,-73.657358,-173.629887,0.002329948803466091,0.00038181764780748556,0.0022362384130528217,0.0017267673786858556,,,0.0,,13659.382389133058,0.24498447301729598
P00072,Abalone,3693,175,29,,False,52.513126,-9.803629,0.0013558899391408021,0.00028391568683120723,0.0007959375348222671,0.0009223071825842167,,,0.0,,7316.692585964319,0.5955734782740123
P00073,Cheese Curds,6938,426,74,,False,-17.952514,84.40974,0.003311800138705982,0.0007244745112244598,0.0015445802306188635,0.0021821584688441016,,,0.0,,5247.087515617339,0.7099698629946891
P00074,Clam cake,5965,311,35,,True,-68.908792,140.295969,0.0024156659835267167,0.00034265686341697425,0.0013201027751458007,0.0015746506058176108,,,1.5,,11987.298568594768,0.33740806955760017
P00075,Bird's Nest Soup,370,28,3,,False,42.811364,34.025072,0.0002103967146942624,2.9370588292883505e-05,2.929972954273273e-05,0.0001198694797435428,,,0.0,,4137.940416167325,0.7712774139465399
P00076,Grilled Snake,5892,502,51,,True,-36.881143,75.351329,0.0039040279282157577,0.0004993000009790196,0.0013032611983220253,0.00236245620406599,,,1.5,,7295.038652704568,0.5967703886002336
P00077,Chicken fried bacon,1661,92,13,,False,-47.536728,-86.160572,0.0007091148532288104,0.00012727254926916186,0.0003271418621385434,0.00045816756382286247,,,0.0,,17471.91484772428,0.03424864899849023
P00078,City chicken,9484,369,56,,True,87.383271,46.162623,0.0028676292965736506,0.0005482509814671588,0.0021319590606645135,0.0020246817548598755,,,1.5,,6567.235285119049,0.6369993555815324
P00079,Meatcake,4183,213,22,,False,-71.878278,124.336761,0.00165200383389569,0.0002153843141478124,0.0009089837354202123,0.001072413958276231,,,0.0,,11757.415276563526,0.3501147535007607
P00080,Chocolate Brownie,2893,126,9,,True,77.347702,49.379616,0.0009740588643252889,8.811176487865053e-05,0.0006113723093562342,0.0006357374234974865,,,1.5,,5593.771530258859,0.6908070775513817
P00081,Fattoush Salad,3703,121,23,,True,13.788793,21.829623,0.0009350965097522773,0.00022517451024544022,0.0007982446001405925,0.0006947495279778893,,,1.5,,5909.89704399359,0.6733333979555172
P00082,Milk Steak,7231,467,4,,False,46.924195,-179.344971,0.003631291446204677,3.916078439051134e-05,0.0016121772444457978,0.0021498294073086515,,,0.0,,8656.672809982356,0.5215067418607863
P00083,Hokkien fried rice,9684,846,52,,True,-31.302981,37.628597,0.006584637922838953,0.0005090901970766474,0.0021781003670310215,0.003880666093948675,,,1.5,,7871.983566594004,0.5648800471638029
P00084,Deep Fried Oreos,4245,375,66,,False,57.081781,64.842718,0.002914384122061264,0.0006461529424434372,0.0009232875403938299,0.0018356954518424294,,,0.0,,3298.2177208555136,0.8176926657682164
P00085,Fajitas,9400,106,16,,True,-39.718243,110.454796,0.0008182094460332426,0.00015664313756204537,0.0021125797119905796,0.0008786136066833509,,,1.5,,8353.937388722876,0.5382402907949166
P00086,Salted caramel cookie,8301,38,0,,True,32.399752,-111.158374,0.00028832142384028553,0.0,0.001859033233506617,0.0005159673586214662,,,1.5,,13164.865449323826,0.2723186494299118
P00087,Crab Rangoon,6959,206,38,,False,-38.37097,22.648858,0.001597456537493474,0.00037202745170985776,0.0015494250677873468,0.0012202215178171638,,,0.0,,9358.858067111634,0.4826938031167384
P00088,Maraca pie,8795,251,15,,False,-30.03225,-39.468197,0.0019481177286505779,0.00014685294146441754,0.001973002260231892,0.0014127151988109926,,,0.0,,13949.758172464413,0.22893409688540312
P00089,Mozzarella Sticks,1318,62,6,,True,68.837045,-28.802821,0.00047534072579074097,5.874117658576701e-05,0.00024800952171998177,0.00030489462021509694,,,1.5,,7653.690669500996,0.5769460778260954
P00090,Crepes,7849,569,81,,True,20.50467,81.806666,0.0044261234794941125,0.0007930058839078546,0.0017547538811183085,0.0028019142811430745,,,1.5,,1028.0035373261824,0.943177618843741
P00091,Chinese food,3921,160,27,,False,69.387002,-41.012864,0.0012390028754217675,0.0002643352946359516,0.0008485386240800866,0.0008685097509176865,,,0.0,,8039.47345859695,0.5556221271881907
P00092,Gumbo,8989,815,62,,True,67.782276,74.90412,0.006343071324486281,0.0006069921580529258,0.0020177593274074055,0.0037571851751404995,,,1.5,,4347.7613585266845,0.7596796663431423
P00093,Grilled Snake,9332,19,4,,False,58.826169,158.615989,0.0001402644764628416,3.916078439051134e-05,0.002096891667825967,0.0005012588071137676,,,0.0,,6832.846715412571,0.6223178166727721
P00094,Kimchi,9946,266,9,,False,47.418484,35.737308,0.0020650047923696127,8.811176487865053e-05,0.002238545478371147,0.001506645021322631,,,0.0,,4109.693750950735,0.7728387342329516
P00095,Slinger,8957,590,49,,True,10.667611,-153.541018,0.004589765368700762,0.00047971960878376394,0.002010376718388764,0.002840873910663263,,,1.5,,13036.327454410382,0.2794235227837819
P00096,Steak Tartare,9218,469,76,,True,77.349215,-64.701857,0.003646876388033882,0.0007440549034197155,0.0020705911231970573,0.002460772889682267,,,1.5,,7948.06043124531,0.560674936535844
P00097,Mango and Sticky Rice,2205,147,23,,False,-38.247062,-171.294999,0.0011377007535319375,0.00022517451024544022,0.0004526462154554458,0.00072693197293069,,,0.0,,13724.877909835724,0.24136424088164155
P00098,Scrapple,7493,374,18,,False,59.135596,-50.852062,0.0029065916511466622,0.00017622352975730105,0.0016726223557859236,0.0018406873556577061,,,0.0,,9141.449422115142,0.49471095718683844
P00099,Chocolate cheesecake,3847,68,4,,True,19.091568,114.755259,0.0005220955512783549,3.916078439051134e-05,0.0008314663407244785,0.00043908927910122654,,,1.5,,3956.0397582763094,0.781331881796078
P00100,Sweetbreads,3720,118,0,,True,-16.211742,-37.095511,0.0009117190970084704,0.0,0.0008021666111817457,0.0006162928707405844,,,1.5,,13192.240001974498,0.270805534729213
P00101,Pickled Okra,275,8,3,,True,-23.662614,-66.886172,5.454729640221618e-05,2.9370588292883505e-05,7.382609018641319e-06,3.75613464927014e-05,,,1.5,,16391.97566513434,0.09394174696030555
P00102,Roasted Chickpeas,2627,17,0,,True,-1.288089,-164.004948,0.000124679534633637,0.0,0.0005500043718887782,0.00017234064169457415,,,1.5,,12871.075220255787,0.2885577573414557
P00103,Protein bar,2780,67,13,,True,35.990769,-138.616022,0.0005143030803637526,0.00012727254926916186,0.000585302471259157,0.0004123937992144563,,,1.5,,11908.335203644257,0.34177273004531494
P00104,Key Lime Pie,405,19,2,,True,75.010582,-137.512148,0.0001402644764628416,1.958039219525567e-05,3.737445815687167e-05,8.348124752137183e-05,,,1.5,,8217.78189155277,0.5457662177745481
P00105,American fried rice,7226,680,95,,False,45.404973,-119.953453,0.00529108775101497,0.0009300686292746444,0.0016110237117866351,0.003246769206647205,,,0.0,,11595.81446368375,0.3590471575744856
P00106,Calas,2402,210,5,,False,73.761183,118.205165,0.001628626421151883,4.8950980488139177e-05,0.0004980954022264565,0.0009286175851676746,,,0.0,,5533.406201082326,0.6941437409173596
P00107,Chicken Manchurian,1664,72,10,,False,-57.401878,-51.919048,0.0005532654349367641,9.790196097627835e-05,0.00032783398173404104,0.00037157010210807373,,,0.0,,14966.74428859348,0.1727206981731635
P00108,Kung Pao Chicken,3579,191,37,,False,25.654355,-12.280842,0.001480569473774439,0.0003622372556122299,0.0007696369901933574,0.00100288331160956,,,0.0,,8617.571561624285,0.5236680437991694
P00109,Kobe Beef,3662,320,55,,False,85.860562,98.553617,0.0024857982217581375,0.000538460785369531,0.0007887856323354584,0.0015621944729570197,,,0.0,,6388.710422721633,0.6468672280242669
P00110,French Dip,3105,2,4,,False,0.476443,-30.368644,7.792470914602312e-06,3.916078439051134e-05,0.0006602820941047329,0.00014770088959540115,,,0.0,,11678.827083739901,0.3544586765368821
P00111,Mozzarella Sticks,5857,395,56,,False,-79.359198,114.321031,0.0030702335403533106,0.0005482509814671588,0.0012951864697078863,0.0019586293585583804,,,0.0,,12238.446975127184,0.32352596705055015
P00112,Eggs Neptune,4103,142,18,,True,35.526042,137.989708,0.001098738398958926,0.00017622352975730105,0.000890527212873609,0.0007803417009813751,,,1.5,,5694.96364770117,0.6852137338920092
P00113,Crepes,769,34,4,,True,-21.654768,-27.812802,0.0002571515401818763,3.916078439051134e-05,0.00012135163574391667,0.0001645943325568749,,,1.5,,12539.634496557917,0.30687797750495016
P00114,Clam cake,7524,115,4,,False,-9.168642,-59.109531,0.0008883416842646634,3.916078439051134e-05,0.0016797742582727324,0.0007918739291040316,,,0.0,,14962.16961167595,0.1729735611508053
P00115,Chicken fingers,1055,65,13,,False,57.738789,-28.90869,0.000498718138534548,0.00012727254926916186,0.00018733370384802346,0.0003250075748176273,,,0.0,,8219.363572870305,0.5456787911311278
P00116,Onion ring,9153,776,58,,True,-27.792444,11.656845,0.006039164958816791,0.0005678313736624145,0.002055595198627942,0.0036010509312327083,,,1.5,,9378.983463335444,0.4815813819103635
P00117,Gumbo,2915,277,29,,False,-58.302655,43.456727,0.002150721972430238,0.00028391568683120723,0.0006164478530565501,0.0012838252628757912,,,0.0,,10166.745990391679,0.43803820239034574
P00118,Barbecue,7081,155,17,,True,9.94649,-79.635232,0.001200040520848756,0.0001664333336596732,0.0015775712646709167,0.0009654645134564633,,,1.5,,15044.113992567789,0.1684441264985077
P00119,Montreal Smoked Meat,9991,829,124,,True,-44.637199,-63.675777,0.006452165917290714,0.0012139843161058515,0.0022489272723036115,0.004040063707937834,,,1.5,,16143.505414545696,0.10767581573759943
P00120,Pistachio Ice Cream,8917,861,5,,True,46.598093,-21.671892,0.006701524986557988,4.8950980488139177e-05,0.0020011484571154626,0.003765677478848528,,,1.5,,8351.492483853071,0.5383754316882683
P00121,Buffalo burger,3709,90,7,,False,-49.714069,-148.449578,0.0006935299113996057,6.853137268339484e-05,0.0007996288393315878,0.0005272501353711388,,,0.0,,15542.35747512323,0.14090396730019927
P00122,Bird's Nest Soup,6206,219,13,,False,-0.747343,-92.969873,0.001698758659383304,0.00012727254926916186,0.0013757030493174432,0.0011627017043358892,,,0.0,,16732.42417209966,0.07512362608381618
P00123,Butter cookie,7716,142,4,,True,-11.2034,60.793925,0.001098738398958926,3.916078439051134e-05,0.0017240699123845804,0.0009059314172735324,,,1.5,,4771.023064850474,0.7362840873083323
P00124,Popover,4237,420,49,,False,33.283465,-83.976124,0.0032650453132183686,0.00047971960878376394,0.0009214418881391696,0.0019607269168721475,,,0.0,,12839.706057645415,0.29029167210894324
P00125,French Dip,7809,50,8,,False,-24.089934,171.468617,0.0003818310748155132,7.832156878102269e-05,0.0017455256198450066,0.0005635171320110648,,,0.0,,11663.451580816858,0.35530854976770265
P00126,Tres Leches Cake,5437,491,68,,True,-0.003433,141.637849,0.0038183107481551326,0.0006657333346386928,0.001198289726338219,0.0023485333197368176,,,1.5,,7544.187683962056,0.5829988005611025
P00127,Deep Fried Oreos,653,43,1,,True,-17.482583,171.80497,0.0003272837784132971,9.790196097627836e-06,9.458967805134189e-05,0.00018549688364620525,,,1.5,,11374.201915556607,0.37129668028667706
P00128,Spanish rice,2887,248,49,,True,45.857438,-171.894687,0.0019247403159067709,0.00047971960878376394,0.000609988070165239,0.0012282836546215624,,,1.5,,9204.476802530975,0.49122715027058583
P00129,Swiss steak,6550,345,9,,True,53.673604,-7.791154,0.002680609994623195,8.811176487865053e-05,0.0014550660962678373,0.00165775174602876,,,1.5,,7153.143476944421,0.6046135734420375
P00130,Grilled Snake,5421,423,41,,True,73.30465,-108.99563,0.0032884227259621754,0.00040139804000274127,0.0011945984218288983,0.00200355045934769,,,1.5,,8662.942568698485,0.5211601840848741
P00131,Fish Tacos,4906,330,35,,False,-52.645449,-171.504087,0.0025637229309041602,0.00034265686341697425,0.0010757845579351397,0.0015998154360642005,,,0.0,,13917.472572387582,0.23071866727530255
P00132,Hummus,3872,285,52,,True,-23.185222,-152.53062,0.0022130617397470563,0.0005090901970766474,0.000837234004020292,0.0014267047298005806,,,1.5,,15049.189996191195,0.1681635529380412
P00133,Gyoza,2270,142,4,,False,1.472041,172.826864,0.001098738398958926,3.916078439051134e-05,0.000467642140024561,0.0006546458628015285,,,0.0,,10486.575471796468,0.4203597878348273
P00134,Bruschetta,3519,195,25,,False,-26.986059,163.89904,0.0015117393574328483,0.00024475490244069587,0.000755794598283405,0.000980455069105314,,,0.0,,11123.473847985331,0.38515554876796987
P00135,Fish Tacos,9232,715,98,,False,-42.234821,-148.081272,0.00556382423302605,0.0009594392175675279,0.002073821014642713,0.003484508084711826,,,0.0,,15713.179410965602,0.13146187026857648
P00136,Pepperoni,6874,616,47,,True,-4.914591,-49.120307,0.004792369612480422,0.0004601392165885083,0.0015298150125815807,0.002840189573733079,,,1.5,,13775.55222789384,0.23856324330626244
P00137,Pop-Tarts,9623,852,157,,True,-11.21928,156.014604,0.006631392748326567,0.0015370607873275701,0.0021640272685892366,0.004209620064079402,,,1.5,,9548.362049200663,0.47221906532653657
P00138,Creme Brulee,3303,242,10,,False,84.095284,32.07473,0.001877985490419157,9.790196097627835e-05,0.0007059619874075761,0.0011095557309839773,,,0.0,,6361.844315166365,0.6483522386767216
P00139,Shish Kabob,9959,651,125,,True,11.252086,53.914451,0.005065106094491502,0.0012237745122034795,0.00224154466328497,0.0033479943335637885,,,1.5,,3092.664445842949,0.82905452019438
P00140,Shrimp Creole,8429,677,36,,True,-7.318684,94.712634,0.005267710338271162,0.0003524470595146021,0.0018885636695811824,0.003117302020906198,,,1.5,,4428.238665681825,0.7552313234575792
P00141,Blue cheese dressing,3110,234,23,,True,-23.019231,-27.909283,0.0018156457231023385,0.00022517451024544022,0.0006614356267638956,0.0011076623399775805,,,1.5,,12607.843164784803,0.3031077774974388
P00142,Schnitzel,3391,225,39,,False,-42.197097,105.19164,0.0017455134848709177,0.00038181764780748556,0.0007262641622088397,0.0011325548692194725,,,0.0,,8393.358575534325,0.5360613044186067
P00143,Meat Feast Pizza,5605,395,46,,True,-60.937419,85.467275,0.0030702335403533106,0.00045034902049088043,0.001237048423686086,0.0019176311610611366,,,1.5,,9996.559259579804,0.44744518878173756
P00144,Breakfast burrito,5550,379,68,,True,44.671211,25.139931,0.002945554005719674,0.0006657333346386928,0.0012243595644352962,0.001917368916138504,,,1.5,,4868.078858279429,0.7309193768891566
P00145,Home fries,1455,9,4,,True,-14.24373,53.873048,6.23397673168185e-05,3.916078439051134e-05,0.0002796163165810399,9.884138229177064e-05,,,1.5,,5389.251043203814,0.7021118451399568
P00146,Fried fish,243,20,2,,True,-39.961182,83.416827,0.00014805694737744392,1.958039219525567e-05,0.0,7.990259134729867e-05,,,1.5,,7663.102711414336,0.5764258319187228
P00147,Scrapple,806,33,4,,False,-3.893523,3.55676,0.000249359069267274,3.916078439051134e-05,0.0001298877774217207,0.00016240532543513456,,,0.0,,8625.331626776178,0.5232391100807066
P00148,Geoduck,3524,283,37,,False,22.710155,4.343441,0.002197476797917852,0.0003622372556122299,0.0007569481309425677,0.0013587992018311086,,,0.0,,7209.254745905118,0.6015120511259382
P00149,Po'Boy,2444,95,0,,False,-25.846265,-42.664637,0.0007324922659726173,0.0,0.0005077850765634232,0.0004678031482989933,,,0.0,,14117.559203319337,0.2196589788654285
P00150,Chicken fried bacon,3649,148,1,,False,89.539939,115.745705,0.0011454932244465397,9.790196097627836e-06,0.0007857864474216353,0.0007328409605368853,,,0.0,,6775.881545267974,0.6254665379495553
P00151,Turkish Delight,4352,221,28,,True,-34.626061,30.581344,0.0017143436012125085,0.0002741254907335794,0.0009479731392999118,0.0011290040756863104,,,1.5,,8570.035603399218,0.5262955701050792
P00152,Jalapeno Poppers,9739,462,89,,True,46.895666,-176.696514,0.0035923290916316654,0.0008713274526888774,0.0021907892262818113,0.0024957206268788577,,,1.5,,8832.209478739429,0.5118040403263562
P00153,Massaman Curry,9404,706,61,,False,-72.478565,124.201198,0.00549369199479463,0.000597201961955298,0.0021135025381179098,0.003348707093607486,,,0.0,,11803.943626985641,0.3475429222119948
P00154,Sour cream,5086,148,25,,False,70.877073,-36.291223,0.0011454932244465397,0.00024475490244069587,0.001117311733664997,0.000869635429688478,,,0.0,,7799.394218957857,0.5688923870337546
P00155,Russian dressing,5067,7,1,,False,-78.090224,121.56529,4.6754825487613866e-05,9.790196097627836e-06,0.0011129283095601787,0.000248900133485131,,,0.0,,12222.895568455495,0.3243855632730622
P00156,Mission burrito,3209,269,26,,True,62.28719,-160.229084,0.0020883822051134195,0.0002545450985383237,0.0006842755734153172,0.0012574097468012703,,,1.5,,8692.02004905347,0.5195529409073923
P00157,Drunken chicken,1116,7,0,,True,86.649609,-168.866886,4.6754825487613866e-05,0.0,0.00020140680228980846,6.365877320176862e-05,,,1.5,,6972.342129056211,0.6146072774812188
P00158,Roasted Bone Marrow,5067,150,24,,False,-69.561061,-95.28566,0.0011610781662757443,0.00023496470634306804,0.0011129283095601787,0.0008736141569528283,,,0.0,,15445.776574501984,0.14624242825704514
P00159,Home fries,9098,327,15,,True,24.513383,-74.716359,0.0025403455181603534,0.00014685294146441754,0.0020429063393771524,0.0017228099093949325,,,1.5,,13374.16434936196,0.26074975745461204
P00160,Pizza strips,4815,407,17,,True,86.791052,-137.076201,0.003163743191328538,0.0001664333336596732,0.0010547902635383783,0.0018427596484698469,,,1.5,,7112.622907481208,0.6068533276443393
P00161,Churrasco,8286,285,47,,True,-81.933953,-177.921332,0.0022130617397470563,0.0004601392165885083,0.0018555726355291289,0.0016156871619559066,,,1.5,,13397.511597310571,0.25945925000622694
P00162,Bruschetta,3753,214,36,,False,79.970088,-53.37146,0.0016597963048102923,0.0003524470595146021,0.0008097799267322197,0.0010975882556059709,,,0.0,,7566.870035268145,0.5817450449419468
P00163,Jambalaya,5778,72,12,,False,-57.273488,-160.992615,0.0005532654349367641,0.00011748235317153402,0.0012769606536931156,0.0005672695541584653,,,0.0,,14554.750403578704,0.1954934540230584
P00164,Popover,2898,108,18,,True,7.243503,-61.002521,0.0008337943878624474,0.00017622352975730105,0.0006125258420153969,0.0005922694212614934,,,1.5,,14005.383024507153,0.22585946102106147
P00165,Eggs Benedict,3175,286,45,,False,6.384767,111.665328,0.0022208542106616587,0.0004405588243932526,0.0006764315513330108,0.0013778810629154073,,,0.0,,4396.094135906526,0.757008096257147
P00166,Salted caramel cookie,1126,68,1,,True,-26.851225,179.331052,0.0005220955512783549,9.790196097627836e-06,0.0002037138676081339,0.00030472760799009254,,,1.5,,12509.443460492323,0.30854677191715973
P00167,Tin Roof Ice Cream,851,13,4,,False,-69.456636,80.603441,9.350965097522773e-05,3.916078439051134e-05,0.00014026957135418504,8.655697507560427e-05,,,0.0,,10918.672958147354,0.3964758154800698
P00168,Reuben,7668,59,3,,False,-40.757194,42.98983,0.0004519633130469341,2.9370588292883505e-05,0.0017129959988566184,0.0005773920327826557,,,0.0,,8486.249663456952,0.530926796012451
P00169,Chocolate Chip Cookie,2990,130,4,,True,47.910261,-19.867005,0.0010052287479836981,3.916078439051134e-05,0.0006337508429439906,0.0006411127778978005,,,1.5,,8165.756203411374,0.5486419116551122
P00170,Corn relish,333,5,2,,False,-73.342148,54.9355,3.116988365840925e-05,1.958039219525567e-05,2.0763587864928707e-05,2.5611777060767067e-05,,,0.0,,11468.34099205376,0.3660931899365051
P00171,Onion Rings,931,23,3,,True,88.844333,86.903695,0.00017143436012125084,2.9370588292883505e-05,0.00015872609390078836,0.00012627357532864816,,,1.5,,6689.1854459037395,0.6302586214628558
P00172,Gumbo,8971,48,0,,True,61.909273,-106.041235,0.00036624613298630863,0.0,0.0020136066098344198,0.0005858443884600383,,,1.5,,9935.379417940429,0.4508268739165515
P00173,Chicken Alfredo,301,1,5,,True,-86.361528,-147.172585,0.0,4.8950980488139177e-05,1.338097884628739e-05,1.736148991569923e-05,,,1.5,,13485.356920330303,0.2546036437303917
P00174,Laksa,942,72,9,,True,-26.081845,98.0435,0.0005532654349367641,8.811176487865053e-05,0.0001612638657509463,0.00033531902008216645,,,1.5,,6489.202579605465,0.6413125743345337
P00175,Creamed eggs on toast,5121,323,61,,True,-68.692032,18.827954,0.0025091756345019442,0.000597201961955298,0.001125386462279136,0.0016588256982933889,,,1.5,,11814.616937438503,0.3469529603171856
P00176,Ice Cream Sundae,4184,158,13,,False,-6.455204,-155.673432,0.001223417933592563,0.00012727254926916186,0.0009092144419520448,0.000831733619967439,,,0.0,,13959.06796591134,0.22841950271085076
P00177,Shucked Oysters,7864,21,3,,True,-30.730769,41.02562,0.00015584941829204621,2.9370588292883505e-05,0.0017582144790957966,0.0004383787814530475,,,1.5,,7634.4394599686375,0.5780101788005063
P00178,Milkshake,3733,283,41,,True,30.817925,-170.79086,0.002197476797917852,0.00040139804000274127,0.0008051657960955687,0.001380190970178862,,,1.5,,10246.005767463434,0.43365715787094117
P00179,Naan,4831,372,71,,True,-69.920878,-142.95075,0.0028910067093174574,0.0006951039229315763,0.001058481568047699,0.0018657308451477414,,,1.5,,14785.381685019254,0.18274542533956062
P00180,Salad bar,8339,717,76,,True,-77.318397,101.672591,0.005579409174855255,0.0007440549034197155,0.0018678000817162535,0.0033864810747967927,,,1.5,,11905.042026784704,0.3419547587484605
P00181,Fried chicken,2542,23,2,,False,66.991219,15.14629,0.00017143436012125084,1.958039219525567e-05,0.0005303943166830122,0.00019767016105580457,,,0.0,,5881.785289455781,0.6748872611216629
P00182,Hokkien fried rice,2035,142,23,,False,89.551727,37.829116,0.001098738398958926,0.00022517451024544022,0.00041342610504391383,0.0006996067735618778,,,0.0,,6777.248934964778,0.6253909561682485
P00183,Ceviche,4859,298,3,,True,-9.418713,-110.671434,0.0023143638616368862,2.9370588292883505e-05,0.0010649413509390103,0.0013789813774941102,,,1.5,,17722.177115944527,0.020415527343259465
P00184,Samosa,4671,103,10,,False,-49.667408,160.510003,0.0007948320332894358,9.790196097627835e-05,0.0010215685229544925,0.0006311003095284999,,,0.0,,11955.07152161498,0.339189403454358
P00185,Wasabi Peas,1421,111,6,,False,30.882828,-26.73868,0.0008571718006062542,5.874117658576701e-05,0.00027177229449873355,0.0005005627121786039,,,0.0,,9583.93603923531,0.47025273082708996
P00186,Chicken Ã  la King,1959,76,2,,False,16.367386,36.536577,0.0005844353185951734,1.958039219525567e-05,0.0003958924086246407,0.0003772702586810915,,,0.0,,4361.856163291713,0.758900583062199
P00187,Corn relish,3491,230,24,,False,57.716953,127.836089,0.0017844758394439293,0.00023496470634306804,0.0007493348153920938,0.0011125942947033038,,,0.0,,5044.703553195789,0.7211565352531741
P00188,Jalapeno Poppers,4195,87,14,,False,-63.55604,106.21974,0.0006701524986557988,0.0001370627453667897,0.0009117522138022029,0.0005585455156983769,,,0.0,,10574.022051684573,0.4155262218860786
P00189,Flan,3714,54,10,,False,-41.443043,-147.034982,0.0004130009584739225,9.790196097627835e-05,0.0008007823719907505,0.00039602754192799485,,,0.0,,15807.760438231673,0.12623395131078596
P00190,Chicken nugget,8393,764,127,,False,-35.297711,41.185762,0.005945655307841563,0.001243354904398735,0.0018802582344352107,0.0037218857721274443,,,0.0,,8051.409547180823,0.5549623658640304
P00191,Currywurst,4582,157,30,,False,-49.106917,97.641405,0.0012156254626779605,0.0002937058829288351,0.0010010356416213964,0.00089613162454191,,,0.0,,8889.194641430955,0.5086542139715446
P00192,Peanut butter,7699,460,0,,True,-28.840978,-128.247671,0.003576744149802461,0.0,0.0017201479013434272,0.002132401655169916,,,1.5,,17548.98555101277,0.029988604437135913
P00193,Home fries,8841,238,41,,False,43.263653,-156.850931,0.0018468156067607477,0.00040139804000274127,0.001983614760696189,0.001440550167520434,,,0.0,,10305.065535294123,0.4303926587551071
P00194,Cinnamon Roll,5358,208,35,,False,67.137774,-154.959533,0.0016130414793226785,0.00034265686341697425,0.0011800639103234482,0.0011453305807511212,,,0.0,,8509.027064488224,0.5296677865672945
P00195,Samosa,1352,76,12,,True,55.10492,178.34953,0.0005844353185951734,0.00011748235317153402,0.0002558535438022882,0.00037863307400950454,,,1.5,,8092.606524140252,0.5526852235758211
P00196,Kobe Beef,369,27,0,,True,80.126061,2.283443,0.0002026042437796601,0.0,2.906902301090019e-05,0.00010711592649201009,,,1.5,,6578.910278609498,0.6363540261580203
P00197,Chicken nuggets,4128,202,20,,False,-27.625673,176.852238,0.0015662866538350645,0.0001958039219525567,0.0008962948761694226,0.0010211434787371838,,,0.0,,12314.942571646145,0.31929771122812234
P00198,Thousand Island dressing,2056,133,26,,False,-40.295442,-54.441386,0.0010286061607275051,0.0002545450985383237,0.0004182709422123972,0.0006743207983677292,,,0.0,,15451.975969562158,0.14589975979700887
P00199,Seafood cocktail,3992,176,20,,False,-44.202723,-22.865749,0.0013636824100554045,0.0001958039219525567,0.0008649187878401969,0.0009135661391815086,,,0.0,,12936.431014732298,0.28494524850303904
P00200,Huevos Rancheros,7824,387,50,,True,-78.306638,-89.771153,0.0030078937730364922,0.0004895098048813917,0.0017489862178224948,0.0020005970715471625,,,1.5,,14460.779745604865,0.20068763512362375
